Epoch,TrainLoss,ValPSNR,ValSSIM
1,0.2549659421565878,26.882750582410978,0.548038437925984
2,0.2506174009296685,72.053715359822135,0.5488008035726705
